Aktørtype,Udbyder,Titel,0. klasse,1. klasse,2. klasse,3. klasse,4. klasse,5. klasse,6. klasse,7. klasse,8. klasse,9. klasse,10. klasse,Indskoling,Mellemtrin,Udskoling,Natur,Sundhed,Klima,Fødevarer,Ressourcer,Energi,Andet,Værd at fremhæve,Praksisnærhed,Didaktiske overvejelser,Vidensbaseret,Autentisk læringsmiljø,Grundbogsmateriale,Forsøg/øvelser,Specifikke remedier,Autentisk læringsmiljø,Fysisk materiale,Andet?,Nøgleord,Link,Andre noter
Materiale,Vandetsvej,Vandetsvej.dk,,,,,4. klasse,5. klasse,6. klasse,7. klasse,8. klasse,9. klasse,10. klasse,,Mellemtrin,Udskoling,Natur,,Klima,,Ressourcer,,,,Praksisnærhed,Didaktiske overvejelser,Vidensbaseret,,,,,,,,Vand,https://vandetsvej.dk/,Link til samlet oversigt over materialer. Materialer er ikke kortlagt enkeltvis
Materiale,Dansk Retursystem,Tom Dåse og hans genan-venner,,,2. klasse,3. klasse,4. klasse,,,,,,,Indskoling,Mellemtrin,,,,,,Ressourcer,,,,,,Vidensbaseret,,Grundbogsmateriale,,,,,,Genanvendelse,https://www.vandogaffald.dk/media/1701/tom-daase-og-hans-genan-venner.pdf,"Lærebog som hører til Dåserydderen. Der er en lærerside hvor der er nogle didaktiske overvejelser, men jeg ved ikke om jeg synes det afspejles i materialet"
Materiale,Dansk Retursystem,Dåserydderen,0. klasse,1. klasse,2. klasse,3. klasse,4. klasse,,,,,,,Indskoling,Mellemtrin,,,,,,Ressourcer,,,,Praksisnærhed,,,,,,,,,Spil,Genanvendelse,https://daaserydderen.dk/om-daaserydderen/,Meget computerspilagtigt. Er det praksisnært?
Materiale,Dansk Retursystem,Mission Possible,,,,,,5. klasse,6. klasse,7. klasse,,,,,Mellemtrin,Udskoling,Natur,,Klima,,Ressourcer,Energi,,,,Didaktiske overvejelser,Vidensbaseret,,,,,,,,Affald,https://danskretursystem.dk/skoler-uddannelse/undervisningsmateriale-for-5-7-klasse/,
Materiale,Affald.dk,"Affald - før, nu og i fremtiden",0. klasse,1. klasse,2. klasse,3. klasse,4. klasse,5. klasse,6. klasse,,,,,Indskoling,Mellemtrin,,,,,,Ressourcer,,,,Praksisnærhed,Didaktiske overvejelser,,,Grundbogsmateriale,,,,,,Affald,https://www.affald.dk/da/undervisere/undervisningsmaterialer.html?view=intro&id=62,"Umiddelbart lidt svær at finde rundt i, ikke så brugervenlig. Er vist ikke opdateret siden 2013."
Materiale,Affald.dk,"Affald, leg og genbrug",0. klasse,1. klasse,2. klasse,,,,,,,,,,,,,,,,Ressourcer,Energi,,,,Didaktiske overvejelser,,,,Forsøg/øvelser,,,,,Affald,https://www.affald.dk/da/undervisere/undervisningsmaterialer.html?view=intro&id=83,"Der skal måske en ekstra vurdering til her, særligt ift vidensdimensionen"
Materiale,Affald.dk,Holdninger til henkastet affald,,,,1,,,,7. klasse,8. klasse,9. klasse,10. klasse,,,Udskoling,,,,,Ressourcer,,,,Praksisnærhed,Didaktiske overvejelser,Vidensbaseret,Autentisk læringsmiljø,Grundbogsmateriale,,,,,,Affald,https://www.affald.dk/da/undervisere/undervisningsmaterialer.html?view=intro&id=64,"Der skal måske en ekstra vurdering til her, særligt ift vidensdimensionen"
Materiale,Affald.dk,Hvad er der inde i din computer?,,,,,,5. klasse,6. klasse,7. klasse,,,,,Mellemtrin,Udskoling,,,,,Ressourcer,,,,Praksisnærhed,,,Autentisk læringsmiljø,,Forsøg/øvelser,,,,,"Affald, Elektronik",https://www.affald.dk/da/undervisere/undervisningsmaterialer.html?view=intro&id=77,"Der skal måske en ekstra vurdering til her, særligt ift vidensdimensionen"
Materiale,Affald.dk,Fra Yt til Nyt,0. klasse,1. klasse,2. klasse,3. klasse,4. klasse,5. klasse,6. klasse,,,,,Indskoling,Mellemtrin,,,,,,Ressourcer,,,,Praksisnærhed,Didaktiske overvejelser,Vidensbaseret,Autentisk læringsmiljø,Grundbogsmateriale,,,Autentisk læringsmiljø,,,"Affald, Genanvendelse",https://www.affald.dk/da/undervisere/undervisningsmaterialer.html?view=intro&id=72,"Der skal måske en ekstra vurdering til her, særligt ift vidensdimensionen"
Materiale,Affald.dk,Hvad ved du om affald?,0. klasse,1. klasse,2. klasse,,,,,,,,,,,,,,,,Ressourcer,,,,Praksisnærhed,Didaktiske overvejelser,,,,,,,,Test,Affald,https://www.affald.dk/da/undervisere/undervisningsmaterialer.html?view=intro&id=82,"Der skal måske en ekstra vurdering til her, særligt ift vidensdimensionen"
Materiale,Affald.dk,Lav selv papir,0. klasse,1. klasse,2. klasse,3. klasse,4. klasse,5. klasse,6. klasse,,,,,Indskoling,Mellemtrin,,,,,,Ressourcer,,,,Praksisnærhed,,,,,Forsøg/øvelser,,,,,Genanvendelse,https://www.affald.dk/da/undervisere/undervisningsmaterialer.html?view=intro&id=80,"Der skal måske en ekstra vurdering til her, særligt ift vidensdimensionen"
Materiale,Affald.dk,Læs let,0. klasse,1. klasse,2. klasse,3. klasse,,,,,,,,Indskoling,,,,,,,Ressourcer,,,,Praksisnærhed,,,,Grundbogsmateriale,,,,,,"Affald, Genanvendelse",https://www.affald.dk/da/undervisere/undervisningsmaterialer.html?view=intro&id=71,"Der skal måske en ekstra vurdering til her, særligt ift vidensdimensionen"
Materiale,Affald.dk,Matematik - Aluminiumsdåser,,,,,,,,7. klasse,8. klasse,9. klasse,10. klasse,,,,,,,,Ressourcer,,,,Praksisnærhed,Didaktiske overvejelser,,,,,,,,Regneopgaver,"Affald, Genanvendelse",https://www.affald.dk/da/undervisere/undervisningsmaterialer.html?view=intro&id=70,"Der skal måske en ekstra vurdering til her, særligt ift vidensdimensionen"
Materiale,Affald.dk,Naturfaglige øvelser om affald,,,,,,,,7. klasse,8. klasse,9. klasse,10. klasse,,,Udskoling,,,,,Ressourcer,,,,Praksisnærhed,Didaktiske overvejelser,,,Grundbogsmateriale,Forsøg/øvelser,,,,Video,"Affald, Genanvendelse",https://www.affald.dk/da/undervisere/undervisningsmaterialer.html?view=intro&id=68,"Der skal måske en ekstra vurdering til her, særligt ift vidensdimensionen"
Materiale,Affald.dk,Jagt efter skolens affaldsressourcer,,,,,4. klasse,5. klasse,6. klasse,,,,,,Mellemtrin,,,,,,Ressourcer,,,,Praksisnærhed,Didaktiske overvejelser,,Autentisk læringsmiljø,Grundbogsmateriale,Forsøg/øvelser,,,,Video,"Affald, Genanvendelse",https://www.affald.dk/da/undervisere/undervisningsmaterialer.html?view=intro&id=81,"Der skal måske en ekstra vurdering til her, særligt ift vidensdimensionen"
Materiale,Affald.dk,Små Opgaver,0. klasse,,2. klasse,3. klasse,4. klasse,,6. klasse,,,,,Indskoling,,,,,,,Ressourcer,,,,,,,,,,,,,Opgavehæfte,Affald,https://www.affald.dk/da/undervisere/undervisningsmaterialer.html?view=intro&id=69,"Der skal måske en ekstra vurdering til her, særligt ift vidensdimensionen"
Materiale,Stop Spild af Mad,Stop Madspild,,,,,,,,7. klasse,8. klasse,9. klasse,,,,Udskoling,,,,,Ressourcer,,,,Praksisnærhed,Didaktiske overvejelser,Vidensbaseret,Autentisk læringsmiljø,,Forsøg/øvelser,,Autentisk læringsmiljø,,,Madspild,http://www.stopmadspild.dk/,
Materiale,Affald.dk,Webquests - lærervejledning,0. klasse,1. klasse,2. klasse,3. klasse,4. klasse,5. klasse,6. klasse,7. klasse,8. klasse,9. klasse,10. klasse,Indskoling,Mellemtrin,Udskoling,,,,,Ressourcer,,,,Praksisnærhed,Didaktiske overvejelser,,,,Forsøg/øvelser,,,,Webquest,Affald,https://www.affald.dk/da/undervisere/undervisningsmaterialer.html?view=intro&id=66,
Materiale,vandtjek.dk,Vandhul,0. klasse,1. klasse,2. klasse,3. klasse,4. klasse,5. klasse,6. klasse,7. klasse,8. klasse,9. klasse,,Indskoling,Mellemtrin,Udskoling,Natur,,,,Ressourcer,,,,Praksisnærhed,,Vidensbaseret,Autentisk læringsmiljø,,Forsøg/øvelser,,Autentisk læringsmiljø,,,Vand,http://vandtjek.dk/vandhul,
Materiale,vandtjek.dk,Vandløb,0. klasse,1. klasse,2. klasse,3. klasse,4. klasse,5. klasse,6. klasse,7. klasse,8. klasse,9. klasse,,Indskoling,Mellemtrin,Udskoling,Natur,,,,,,,,,,,Autentisk læringsmiljø,,Forsøg/øvelser,,Autentisk læringsmiljø,,,"Vand, Å",http://vandtjek.dk/vandl%C3%B8b,
Materiale,vandtjek.dk,Kysten,0. klasse,1. klasse,2. klasse,3. klasse,4. klasse,5. klasse,6. klasse,7. klasse,8. klasse,9. klasse,,Indskoling,Mellemtrin,Udskoling,Natur,,,,,,,,Praksisnærhed,,Vidensbaseret,Autentisk læringsmiljø,,Forsøg/øvelser,,Autentisk læringsmiljø,,,"Vand, Hav ",http://vandtjek.dk/kysten,
Materiale,Mind the Trash,Forløb 1,,,,,4. klasse,5. klasse,6. klasse,,,,,,Mellemtrin,,,,,,Ressourcer,,,,Praksisnærhed,Didaktiske overvejelser,Vidensbaseret,Autentisk læringsmiljø,,Forsøg/øvelser,,Autentisk læringsmiljø,,,"Affald, Forbrug",https://mindthetrash.dk/forsideforloeb/,
Materiale,Mind the Trash,Forløb 2,,,,,4. klasse,5. klasse,6. klasse,,,,,,Mellemtrin,,,,,,Ressourcer,,,,Praksisnærhed,Didaktiske overvejelser,Vidensbaseret,Autentisk læringsmiljø,,Forsøg/øvelser,,,,,Forbrug,https://mindthetrash.dk/forloeb-2/,
Materiale,Mind the Trash,Forløb 3,,,,,4. klasse,5. klasse,6. klasse,,,,,,Mellemtrin,,,,,,Ressourcer,,,,Praksisnærhed,Didaktiske overvejelser,Vidensbaseret,Autentisk læringsmiljø,,Forsøg/øvelser,,,,,"Tøj, Forbrug",https://mindthetrash.dk/forloeb-3/,
Materiale,Mind the Trash,Forløb 4,,,,,4. klasse,5. klasse,6. klasse,,,,,,Mellemtrin,,,,,,Ressourcer,,,,Praksisnærhed,Didaktiske overvejelser,Vidensbaseret,Autentisk læringsmiljø,,Forsøg/øvelser,,,,,"Forbrug, Elektronik",https://mindthetrash.dk/forloeb-4/,
Materiale,Mind the Trash,Forløb 5,,,,,4. klasse,5. klasse,6. klasse,,,,,,Mellemtrin,,,,,,Ressourcer,,,,Praksisnærhed,Didaktiske overvejelser,Vidensbaseret,Autentisk læringsmiljø,,Forsøg/øvelser,,,,,"Forbrug, Elektronik",https://mindthetrash.dk/forloeb-5/,
Materiale,Mind the Trash,Forløb 6,,,,,4. klasse,5. klasse,6. klasse,,,,,,Mellemtrin,,,,,Fødevarer,Ressourcer,,,,Praksisnærhed,Didaktiske overvejelser,Vidensbaseret,Autentisk læringsmiljø,,Forsøg/øvelser,,,,,"Forbrug, Madspild",https://mindthetrash.dk/forloeb-6/,
Materiale,Mind the Trash,Forløb 7,,,,,4. klasse,5. klasse,6. klasse,,,,,,Mellemtrin,,,,,,Ressourcer,,,,Praksisnærhed,Didaktiske overvejelser,Vidensbaseret,Autentisk læringsmiljø,,Forsøg/øvelser,,,,,Genanvendelse,https://mindthetrash.dk/forloeb-7/,
Materiale,Mind the Trash,Forløb 8,,,,,4. klasse,5. klasse,6. klasse,,,,,,Mellemtrin,,,,,,Ressourcer,,,,Praksisnærhed,Didaktiske overvejelser,Vidensbaseret,Autentisk læringsmiljø,,Forsøg/øvelser,,,,,Forbrug,https://mindthetrash.dk/forloeb-8/,
Materiale,Mind the Trash,Forløb 9,,,,,4. klasse,5. klasse,6. klasse,,,,,,Mellemtrin,,,,,,Ressourcer,,,,Praksisnærhed,Didaktiske overvejelser,Vidensbaseret,Autentisk læringsmiljø,,Forsøg/øvelser,,,,,"Forbrug, Madspild",https://mindthetrash.dk/forloeb-9/,
Materiale,Fjernvarmeskolen,Fjernvarme,,,,,,,,7. klasse,8. klasse,9. klasse,,,,Udskoling,,,,,,Energi,,,Praksisnærhed,,Vidensbaseret,,Grundbogsmateriale,Forsøg/øvelser,,,,,Fjernvarme,https://www.fjernvarmeskolen.dk/7.---9.-klasse.1451.aspx,
Materiale,Fjernvarmeskolen,Varme i hjemmet,,,,,4. klasse,5. klasse,6. klasse,,,,,,Mellemtrin,,,,,,,Energi,,,,,Vidensbaseret,,Grundbogsmateriale,Forsøg/øvelser,,,,,Fjernvarme,https://www.fjernvarmeskolen.dk/4.---6.-klasse.1450.aspx,
Materiale,Bliv NaturligVis,Materiale til indskolingen,0. klasse,1. klasse,2. klasse,3. klasse,,,,,,,,Indskoling,,,Natur,,,,,,,,Praksisnærhed,,Vidensbaseret,Autentisk læringsmiljø,Grundbogsmateriale,Forsøg/øvelser,,Autentisk læringsmiljø,,,"Dyr, Jagt",https://blivnaturligvis.dk/undervisningsmateriale/indskolingen/,"Materialet ""Ask og Liv"" skal tilgås med Uni-login og er derfor ikke del af kortlægningen. Materialet ser dog umiddelbart fint ud med fagmål og evalueringsværktøj. "
Materiale,Bliv NaturligVis,Materiale til mellemtrinet ,,,,,4. klasse,5. klasse,6. klasse,,,,,,Mellemtrin,,Natur,,,Fødevarer,,,,,Praksisnærhed,,Vidensbaseret,Autentisk læringsmiljø,Grundbogsmateriale,Forsøg/øvelser,,Autentisk læringsmiljø,,Digitalt spil,"Dyr, Jagt",https://blivnaturligvis.dk/undervisningsmateriale/mellemtrinet/,Link til samlet oversigt over materialer. Materialer er ikke kortlagt enkeltvis
Materiale,Bliv NaturligVis,Materiale til udskolingen ,,,,,,,,7. klasse,8. klasse,9. klasse,,,,Udskoling,Natur,,,Fødevarer,,,,,Praksisnærhed,Didaktiske overvejelser,,,Grundbogsmateriale,Forsøg/øvelser,,Autentisk læringsmiljø,,Digitalt spil,"Dyr, Jagt",https://blivnaturligvis.dk/undervisningsmateriale/udskolingen/,Link til samlet oversigt over materialer. Materialer er ikke kortlagt enkeltvis. NB: Praksisnærhed særligt i kombination med beaøg af jæger. 
Materiale,Arla Foods,Arla Fooddesigners,,,,,,,6. klasse,,,,,,Mellemtrin,,,,,Fødevarer,,,,,Praksisnærhed,Didaktiske overvejelser,,Autentisk læringsmiljø,,Forsøg/øvelser,,,,,Produktion,https://www.arla.dk/om-arla/bedre-madvaner/arlafooddesigner/,
Materiale,Örsted,Vores hjem,0. klasse,1. klasse,,,,,,,,,,,,,Natur,,Klima,,Ressourcer,Energi,,,Praksisnærhed,Didaktiske overvejelser,,Autentisk læringsmiljø,Grundbogsmateriale,,,,,,Verdensmål,https://orsted.com/da/explore/our-home,
Materiale,Fredensborg Naturskole,Sikken Solsikke,,,2. klasse,3. klasse,,,,,,,,Indskoling,,,Natur,,,Fødevarer,,,,,Praksisnærhed,,,,,Forsøg/øvelser,,,,,Planter,https://skolenivirkeligheden.dk/fredensborg/forloeb/viden-foredrag/sikken-solsikke-2-3-klasse ,
Materiale,Madkulturen,Krig i køkkenet!,,,,,4. klasse,5. klasse,6. klasse,7. klasse,,,,,Mellemtrin,Udskoling,,,,Fødevarer,,,,Værd at fremhæve,Praksisnærhed,Didaktiske overvejelser,Vidensbaseret,Autentisk læringsmiljø,Grundbogsmateriale,Forsøg/øvelser,,Autentisk læringsmiljø,,,Madlavning,https://madkamp.nu/wp-content/uploads/2020/09/Krig-i-k%C3%B8kkenet-Undervisningsmateriale.pdf,
Materiale,Madkulturen,Brug Knolden!,,,,,4. klasse,5. klasse,6. klasse,7. klasse,,,,,Mellemtrin,Udskoling,,,,Fødevarer,,,,Værd at fremhæve,Praksisnærhed,Didaktiske overvejelser,Vidensbaseret,Autentisk læringsmiljø,Grundbogsmateriale,Forsøg/øvelser,,Autentisk læringsmiljø,,,Madlavning,https://madkamp.nu/download/undervisningsmateriale/brug_knolden/UV-materiale_ONLINE_2.pdf,
Materiale,Madkulturen,Sæson og madspild i et hotelkøkken,,,,,4. klasse,5. klasse,6. klasse,7. klasse,,,,,Mellemtrin,Udskoling,,,,Fødevarer,Ressourcer,,,Værd at fremhæve,Praksisnærhed,Didaktiske overvejelser,Vidensbaseret,Autentisk læringsmiljø,,Forsøg/øvelser,,Autentisk læringsmiljø,,,Madspild,https://www.madkulturen.dk/indsatsomraader/naeste-generation/,Link til samlet oversigt over materialer. Materialer er ikke kortlagt enkeltvis
Materiale,Madkulturen,Oksekød og kødkvalitet,,,,,4. klasse,5. klasse,6. klasse,7. klasse,,,,,Mellemtrin,Udskoling,,,,Fødevarer,,,,,Praksisnærhed,Didaktiske overvejelser,Vidensbaseret,Autentisk læringsmiljø,,Forsøg/øvelser,,Autentisk læringsmiljø,,,"Produktion, Madlavning",https://www.madkulturen.dk/indsatsomraader/naeste-generation/,Link til samlet oversigt over materialer. Materialer er ikke kortlagt enkeltvis
Materiale,Madkulturen,Jord og Gris,,,,,,,,7. klasse,8. klasse,,,,,Udskoling,Natur,,,Fødevarer,Ressourcer,,,,,,,,,,,,,,"Produktion, Madlavning",https://www.madkulturen.dk/indsatsomraader/naeste-generation/,Link til samlet oversigt over materialer. Materialer er ikke kortlagt enkeltvis
Materiale,Madkulturen,Jord og Ko,,,,,,,,7. klasse,8. klasse,,,,,Udskoling,Natur,,,Fødevarer,,,,,,,,,,,,,,,"Produktion, Madlavning",https://www.madkulturen.dk/indsatsomraader/naeste-generation/,Link til samlet oversigt over materialer. Materialer er ikke kortlagt enkeltvis
Materiale,DTU,Energi på lager,,,,,,,,7. klasse,8. klasse,9. klasse,10. klasse,,,Udskoling,,,Klima,,Ressourcer,Energi,,,,,Vidensbaseret,,,,,,,Video,"Fossil energi, Vedvarende energi",https://www.energi.case.dtu.dk/intro,
Materiale,DTU,Materialernes fantastiske verden,,,,,,5. klasse,6. klasse,,,,,,Mellemtrin,,,,,,Ressourcer,,,,Praksisnærhed,Didaktiske overvejelser,Vidensbaseret,Autentisk læringsmiljø,Grundbogsmateriale,Forsøg/øvelser,,,Fysisk materiale,,Materialer,http://www.bornenesuniversitet.dk/Materialekasse/Undervisningsmateriale,Materialekassen er ikke længere tilgængelig
Materiale,Naturvejledning Danmark,Mikroforsker,0. klasse,1. klasse,2. klasse,3. klasse,,,,,,,,Indskoling,,,Natur,,,,,,,Værd at fremhæve,Praksisnærhed,Didaktiske overvejelser,Vidensbaseret,Autentisk læringsmiljø,Grundbogsmateriale,Forsøg/øvelser,,Autentisk læringsmiljø,,Konkurrence,Smådyr,https://kriblekrable.dk/mikroforsker/,
Materiale,Naturvejledning Danmark,Krible Krable ,0. klasse,1. klasse,2. klasse,3. klasse,,,,,,,,Indskoling,,,Natur,,,,,,,,,,,,,Forsøg/øvelser,,,,,Smådyr,https://kriblekrable.dk/materialer/#inspiration-vejledninger,
Materiale,Astra & DR Skole,Juniorforskerne,,,,,4. klasse,5. klasse,6. klasse,,,,,,Mellemtrin,,Natur,Sundhed,Klima,Fødevarer,Ressourcer,Energi,,Værd at fremhæve,Praksisnærhed,Didaktiske overvejelser,Vidensbaseret,Autentisk læringsmiljø,,Forsøg/øvelser,,Autentisk læringsmiljø,,Video,Naturfag,https://www.dr.dk/skole/natur-og-teknologi/mellemtrin/om-temaet-juniorforskerne,
Materiale,Naturvidenskabernes Hus,Byg Bæredygtigt,,,,,,,,7. klasse,8. klasse,9. klasse,10. klasse,,,Udskoling,,,Klima,,Ressourcer,Energi,,Værd at fremhæve,Praksisnærhed,Didaktiske overvejelser,Vidensbaseret,Autentisk læringsmiljø,Grundbogsmateriale,Forsøg/øvelser,,Autentisk læringsmiljø,,,"Byggeri, Design",https://www.nvhus.dk/undervisning/opgaver-med-en-virksomhed/byg-b%c3%a6redygtigt/ ,
Materiale,Naturvidenskabernes Hus,Den Skøre Knogle,,,,,,,,7. klasse,8. klasse,9. klasse,10. klasse,,,Udskoling,,Sundhed,,,Ressourcer,,,Værd at fremhæve,Praksisnærhed,Didaktiske overvejelser,Vidensbaseret,Autentisk læringsmiljø,Grundbogsmateriale,Forsøg/øvelser,,Autentisk læringsmiljø,,,"Kroppen, Design",https://www.nvhus.dk/undervisning/opgaver-med-en-virksomhed/f%C3%A6llesfaglige-forl%C3%B8b/den-sk%C3%B8re-knogle/,
Materiale,Naturvidenskabernes Hus,Fremtidens Bil,,,,,,,,7. klasse,8. klasse,9. klasse,10. klasse,,,Udskoling,,,,,Ressourcer,Energi,,Værd at fremhæve,Praksisnærhed,Didaktiske overvejelser,Vidensbaseret,Autentisk læringsmiljø,Grundbogsmateriale,Forsøg/øvelser,,Autentisk læringsmiljø,,,"Biler, Design",https://www.nvhus.dk/undervisning/opgaver-med-en-virksomhed/f%C3%A6llesfaglige-forl%C3%B8b/fremtidens-bil/,
Materiale,Naturvidenskabernes Hus,Funky Furnitures,,,,,,,,7. klasse,8. klasse,9. klasse,10. klasse,,,Udskoling,,,,,Ressourcer,Energi,,Værd at fremhæve,Praksisnærhed,Didaktiske overvejelser,Vidensbaseret,Autentisk læringsmiljø,Grundbogsmateriale,Forsøg/øvelser,,Autentisk læringsmiljø,,,"Møbler, Design",https://www.nvhus.dk/undervisning/opgaver-med-en-virksomhed/f%C3%A6llesfaglige-forl%C3%B8b/funky-furnitures/,
Materiale,Naturvidenskabernes Hus,Reservedele til Kroppen,,,,,,,,7. klasse,8. klasse,9. klasse,10. klasse,,,Udskoling,,Sundhed,,,,,,Værd at fremhæve,Praksisnærhed,Didaktiske overvejelser,Vidensbaseret,Autentisk læringsmiljø,Grundbogsmateriale,Forsøg/øvelser,,Autentisk læringsmiljø,,,"Kroppen, Design",https://www.nvhus.dk/undervisning/opgaver-med-en-virksomhed/f%C3%A6llesfaglige-forl%C3%B8b/reservedele-til-kroppen/,
Materiale,Naturvidenskabernes Hus,Smart Teknologi,,,,,,,,7. klasse,8. klasse,9. klasse,10. klasse,,,Udskoling,,,,,Ressourcer,Energi,,Værd at fremhæve,Praksisnærhed,Didaktiske overvejelser,Vidensbaseret,Autentisk læringsmiljø,Grundbogsmateriale,Forsøg/øvelser,,Autentisk læringsmiljø,,,"Robotteknologi, Design",https://www.nvhus.dk/undervisning/opgaver-med-en-virksomhed/f%C3%A6llesfaglige-forl%C3%B8b/smart-teknologi/,
Materiale,Naturvidenskabernes Hus,Space Tech,,,,,,,,7. klasse,8. klasse,9. klasse,10. klasse,,,Udskoling,Natur,Sundhed,,,Ressourcer,Energi,,Værd at fremhæve,Praksisnærhed,Didaktiske overvejelser,Vidensbaseret,Autentisk læringsmiljø,Grundbogsmateriale,Forsøg/øvelser,,Autentisk læringsmiljø,,,"Rummet, Design",https://www.nvhus.dk/undervisning/opgaver-med-en-virksomhed/f%C3%A6llesfaglige-forl%C3%B8b/space-tech/,
Materiale,Naturvidenskabernes Hus,Utætte Hjerteklapper,,,,,,,,7. klasse,8. klasse,9. klasse,10. klasse,,,Udskoling,,Sundhed,,,,,,Værd at fremhæve,Praksisnærhed,Didaktiske overvejelser,Vidensbaseret,Autentisk læringsmiljø,Grundbogsmateriale,Forsøg/øvelser,,Autentisk læringsmiljø,,,"Kroppen, Design",https://www.nvhus.dk/undervisning/opgaver-med-en-virksomhed/f%C3%A6llesfaglige-forl%C3%B8b/ut%C3%A6tte-hjerteklapper/,
Materiale,Naturvidenskabernes Hus,De Hårde Metaller,,,,,,,,7. klasse,8. klasse,9. klasse,10. klasse,,,Udskoling,,,,,Ressourcer,,,Værd at fremhæve,Praksisnærhed,Didaktiske overvejelser,Vidensbaseret,Autentisk læringsmiljø,Grundbogsmateriale,Forsøg/øvelser,,Autentisk læringsmiljø,,,"Metaller, Design",https://www.nvhus.dk/undervisning/opgaver-med-en-virksomhed/de-h%C3%A5rde-metaller/,
Materiale,Naturvidenskabernes Hus,Byg med Træ,,,,,,,6. klasse,7. klasse,8. klasse,,,,Mellemtrin,Udskoling,,,,,Ressourcer,,,Værd at fremhæve,Praksisnærhed,Didaktiske overvejelser,Vidensbaseret,Autentisk læringsmiljø,Grundbogsmateriale,Forsøg/øvelser,,Autentisk læringsmiljø,,,"Byggeri, Træ, Design",https://www.nvhus.dk/undervisning/opgaver-med-en-virksomhed/byg-med-tr%C3%A6/,
Materiale,Naturvidenskabernes Hus,Mur med Bolden,,,,,,,6. klasse,7. klasse,8. klasse,,,,Mellemtrin,Udskoling,,,,,Ressourcer,,,Værd at fremhæve,Praksisnærhed,Didaktiske overvejelser,Vidensbaseret,Autentisk læringsmiljø,Grundbogsmateriale,Forsøg/øvelser,,Autentisk læringsmiljø,,,"Byggeri, Murværk, Design",https://www.nvhus.dk/undervisning/opgaver-med-en-virksomhed/mur-med-bolden/,
Materiale,Kvantebanditter ,Kvantebanditter ,0. klasse,1. klasse,2. klasse,3. klasse,4. klasse,5. klasse,6. klasse,7. klasse,8. klasse,9. klasse,10. klasse,Indskoling,Mellemtrin,Udskoling,Natur,,,,Ressourcer,Energi,,,,,Vidensbaseret,,Grundbogsmateriale,Forsøg/øvelser,,,,Video,Fysik,http://www.kvantebanditter.dk/da ,Link til samlet oversigt over materialer. Materialer er ikke kortlagt enkeltvis
Materiale,Astra,testoteket,0. klasse,1. klasse,2. klasse,3. klasse,4. klasse,5. klasse,6. klasse,7. klasse,8. klasse,9. klasse,10. klasse,Indskoling,Mellemtrin,Udskoling,Natur,Sundhed,Klima,Fødevarer,Ressourcer,Energi,,,,Didaktiske overvejelser,,Autentisk læringsmiljø,,Forsøg/øvelser,,,,Video,Naturfag,https://testoteket.dk/ ,
Materiale,Vestforbrænding,Styr på skraldet ,0. klasse,1. klasse,2. klasse,,,,,,,,,Indskoling,,,,,,,Ressourcer,,,,Praksisnærhed,,,Autentisk læringsmiljø,Grundbogsmateriale,Forsøg/øvelser,,Autentisk læringsmiljø,,,"Affald, Madspild, Genanvendelse",https://www.vestfor.dk/besoeg-os/undervisningsmaterialer/,
Materiale,Vestforbrænding,Skraldeavisen,,,2. klasse,3. klasse,4. klasse,,,,,,,Indskoling,Mellemtrin,,,,,,Ressourcer,,,,Praksisnærhed,,,Autentisk læringsmiljø,Grundbogsmateriale,Forsøg/øvelser,,Autentisk læringsmiljø,,,"Affald, Madspild, Genanvendelse",https://www.vestfor.dk/besoeg-os/undervisningsmaterialer/,
Materiale,Vestforbrænding,Affald gennem tiden,,,2. klasse,3. klasse,4. klasse,,,,,,,Indskoling,Mellemtrin,,,,,,Ressourcer,,,,Praksisnærhed,,,,Grundbogsmateriale,,,,,,"Affald, Madspild, Genanvendelse",https://www.vestfor.dk/besoeg-os/undervisningsmaterialer/,
Materiale,Vestforbrænding,Kend dit skrald,0. klasse,1. klasse,,,,,,,,,,Indskoling,,,,,,,Ressourcer,Energi,,,Praksisnærhed,,,,,Forsøg/øvelser,,,,,"Affald, Madspild, Genanvendelse",https://www.vestfor.dk/besoeg-os/undervisningsmaterialer/,
Materiale,Vestforbrænding,Kend dit skrald,,,2. klasse,3. klasse,4. klasse,,,,,,,Indskoling,Mellemtrin,,,,,,Ressourcer,Energi,,,Praksisnærhed,,,,,Forsøg/øvelser,,,,,"Affald, Madspild, Genanvendelse",https://www.vestfor.dk/besoeg-os/undervisningsmaterialer/,
Materiale,Vestforbrænding,Affaldet hjemme hos dig,,1. klasse,2. klasse,3. klasse,,,,,,,,Indskoling,,,,,,,Ressourcer,,,,Praksisnærhed,,,,,Forsøg/øvelser,,,,,"Affald, Madspild, Genanvendelse",https://www.vestfor.dk/besoeg-os/undervisningsmaterialer/,
Materiale,Vestforbrænding,Hvad er affaldet lavet af?,,1. klasse,2. klasse,3. klasse,,,,,,,,Indskoling,,,,,,,Ressourcer,,,,Praksisnærhed,,,,,Forsøg/øvelser,,,,,"Affald, Madspild, Genanvendelse",https://www.vestfor.dk/besoeg-os/undervisningsmaterialer/,
Materiale,Vestforbrænding,Madpakken,,1. klasse,2. klasse,3. klasse,,,,,,,,Indskoling,,,,,,,Ressourcer,,,,Praksisnærhed,,,,,Forsøg/øvelser,,,,,"Affald, Madspild, Genanvendelse",https://www.vestfor.dk/besoeg-os/undervisningsmaterialer/,
Materiale,Vestforbrænding,Genbrugsstationen,,1. klasse,2. klasse,3. klasse,,,,,,,,Indskoling,,,,,,,Ressourcer,,,,Praksisnærhed,,,,,Forsøg/øvelser,,,,,"Affald, Madspild, Genanvendelse",https://www.vestfor.dk/besoeg-os/undervisningsmaterialer/,
Materiale,Klimaambassaden,Den Grønne By,,,,,,,,7. klasse,8. klasse,9. klasse,,,,Udskoling,,,Klima,,Ressourcer,Energi,,Værd at fremhæve,Praksisnærhed,Didaktiske overvejelser,Vidensbaseret,Autentisk læringsmiljø,Grundbogsmateriale,Forsøg/øvelser,,Autentisk læringsmiljø,,,By,http://sustainable.dk/folkeskole/groen-by/,
Materiale,Klimaambassaden,FN's Verdensmål ,,,,,,,,7. klasse,8. klasse,9. klasse,,,,Udskoling,Natur,Sundhed,Klima,Fødevarer,Ressourcer,Energi,,Værd at fremhæve,Praksisnærhed,Didaktiske overvejelser,Vidensbaseret,Autentisk læringsmiljø,Grundbogsmateriale,Forsøg/øvelser,,Autentisk læringsmiljø,,,Verdensmål,http://sustainable.dk/folkeskole/verdensmaal/,
Materiale,Klimaambassaden,Klima og Bæredygtighed,,,,,,,,7. klasse,8. klasse,9. klasse,,,,Udskoling,Natur,Sundhed,Klima,Fødevarer,Ressourcer,Energi,,Værd at fremhæve,Praksisnærhed,Didaktiske overvejelser,Vidensbaseret,Autentisk læringsmiljø,Grundbogsmateriale,Forsøg/øvelser,,Autentisk læringsmiljø,,,Klimaforandringer,http://sustainable.dk/folkeskole/kapitler/,
Materiale,Klimaambassaden,Grøn Energi,,,,,,,,,,,,,,,,,,,,Energi,,Værd at fremhæve,Praksisnærhed,Didaktiske overvejelser,Vidensbaseret,Autentisk læringsmiljø,Grundbogsmateriale,Forsøg/øvelser,,Autentisk læringsmiljø,,,"Vedvarende energi, Fossil energi",http://sustainable.dk/folkeskole/energi/,
Materiale,Klimaambassaden,Madspild,,,,,,,,7. klasse,8. klasse,9. klasse,10. klasse,,,Udskoling,,,,Fødevarer,Ressourcer,,,Værd at fremhæve,Praksisnærhed,Didaktiske overvejelser,Vidensbaseret,Autentisk læringsmiljø,Grundbogsmateriale,Forsøg/øvelser,,Autentisk læringsmiljø,,,Madspild,http://sustainable.dk/folkeskole/madspild/,
Materiale,Skoven i skolen,skoveniskolen.dk,0. klasse,1. klasse,2. klasse,3. klasse,4. klasse,5. klasse,6. klasse,7. klasse,8. klasse,9. klasse,10. klasse,Indskoling,Mellemtrin,Udskoling,Natur,,Klima,Fødevarer,,,,,,,,,,,,,,,"Dyr, planter",https://www.skoven-i-skolen.dk/,Link til samlet oversigt over materialer. Materialer er ikke kortlagt enkeltvis
Materiale,MSC,Min far er fisker for fremtiden,,,,,,,,7. klasse,8. klasse,9. klasse,,,,Udskoling,Natur,,,Fødevarer,,,,Værd at fremhæve,Praksisnærhed,Didaktiske overvejelser,Vidensbaseret,Autentisk læringsmiljø,Grundbogsmateriale,Forsøg/øvelser,,Autentisk læringsmiljø,,Video,Hav,https://www.msc.org/dk/skole/skole-og-undervisning/lektionsmaterialer ,
Materiale,Victoria og Verdensmålene,Den Magiske Kjole,,,,,4. klasse,5. klasse,6. klasse,,,,,,Mellemtrin,,,,,Fødevarer,Ressourcer,,,,,,,,Grundbogsmateriale,,,,,,Verdensmål,https://www.victoriaogverdensmaalene.dk/den-magiske-kjole/ ,
Materiale,Victoria og Verdensmålene,Geden med Fipskægget ,,,,,4. klasse,5. klasse,6. klasse,,,,,,Mellemtrin,,,Sundhed,,Fødevarer,,,,,,,,,Grundbogsmateriale,,,,,,Verdensmål,https://www.victoriaogverdensmaalene.dk/geden-med-fipskaegget/,
Materiale,Victoria og Verdensmålene,Kong Gulerod,,,,,4. klasse,5. klasse,6. klasse,,,,,,Mellemtrin,,,Sundhed,,,,,,,,,,,Grundbogsmateriale,,,,,,Verdensmål,https://www.victoriaogverdensmaalene.dk/kong-gulerod-2/,
Materiale,Victoria og Verdensmålene,Vandspejlet,,,,,4. klasse,5. klasse,6. klasse,,,,,,Mellemtrin,,,Sundhed,,,Ressourcer,,,,,,,,Grundbogsmateriale,,,,,,Verdensmål,https://www.victoriaogverdensmaalene.dk/vandspejlet-2/,
Materiale,Victoria og Verdensmålene,Isbjørnen,,,,,4. klasse,5. klasse,6. klasse,,,,,,Mellemtrin,,Natur,,Klima,,,Energi,,,,,,,Grundbogsmateriale,,,,,,Verdensmål,https://www.victoriaogverdensmaalene.dk/isbjoernen/,
Materiale,Danske Anlægsgartnere,Idekonkurrencen,,,,,,5. klasse,6. klasse,,,,,,Mellemtrin,,Natur,,,,,,,,Praksisnærhed,,,Autentisk læringsmiljø,Grundbogsmateriale,Forsøg/øvelser,,Autentisk læringsmiljø,,,Biodiversitet,https://www.idekonkurrencen.dk/ ,
Materiale,LIFE,Enzymjagten,,,,,,,6. klasse,,,,,,Mellemtrin,,,Sundhed,,,,,,Værd at fremhæve,Praksisnærhed,Didaktiske overvejelser,Vidensbaseret,Autentisk læringsmiljø,,Forsøg/øvelser,Specifikke remedier,Autentisk læringsmiljø,Fysisk materiale,,Enzymer,https://life.dk/undervisningsforlob/enzymjagten/ ,
Materiale,LIFE,WeGrow,,,,,,,,,8. klasse,,,,,Udskoling,Natur,,,Fødevarer,Ressourcer,,,Værd at fremhæve,Praksisnærhed,Didaktiske overvejelser,Vidensbaseret,Autentisk læringsmiljø,,Forsøg/øvelser,Specifikke remedier,Autentisk læringsmiljø,Fysisk materiale,,Produktion,https://life.dk/undervisningsforlob/wegrow/,
Materiale,LIFE,Turbovækst,,,,,,,,,,9. klasse,,,,Udskoling,Natur,,,Fødevarer,Ressourcer,,,Værd at fremhæve,Praksisnærhed,Didaktiske overvejelser,Vidensbaseret,Autentisk læringsmiljø,,Forsøg/øvelser,Specifikke remedier,Autentisk læringsmiljø,Fysisk materiale,,Produktion,https://life.dk/undervisningsforlob/turbovaekst/,
Materiale,LIFE,Kræftens Gåde,,,,,,,,,,9. klasse,,,,Udskoling,,Sundhed,,,,,,Værd at fremhæve,Praksisnærhed,Didaktiske overvejelser,Vidensbaseret,Autentisk læringsmiljø,,Forsøg/øvelser,Specifikke remedier,Autentisk læringsmiljø,Fysisk materiale,,Sygdom,https://life.dk/undervisningsforlob/kraeftens-gade/,
Materiale,Klimafaget.dk,Klimafaget.dk,,,,,,5. klasse,6. klasse,7. klasse,8. klasse,9. klasse,,,Mellemtrin,Udskoling,Natur,,Klima,,,,,,,,,,,Forsøg/øvelser,,,,,Klimaforandringer,https://www.klimafaget.dk/materialer/,
Materiale,Field To School,Enterprise Projects,0. klasse,1. klasse,2. klasse,3. klasse,4. klasse,5. klasse,6. klasse,7. klasse,8. klasse,9. klasse,10. klasse,Indskoling,Mellemtrin,Udskoling,,,,Fødevarer,,,,,,,,,,,,Autentisk læringsmiljø,,,"Produktion, design",https://www.fieldtoschool.eu/enterprise-projects ,
Materiale,Field To School,Growing Projects,0. klasse,1. klasse,2. klasse,3. klasse,4. klasse,5. klasse,6. klasse,7. klasse,8. klasse,9. klasse,10. klasse,Indskoling,Mellemtrin,Udskoling,,,,Fødevarer,,,,,Praksisnærhed,Didaktiske overvejelser,,Autentisk læringsmiljø,,Forsøg/øvelser,,Autentisk læringsmiljø,,,Produktion,https://www.fieldtoschool.eu/growing-projects,Engelsk materiale. Skal vi have det med?
Materiale,Field To School,Farming Projects,0. klasse,1. klasse,2. klasse,3. klasse,4. klasse,5. klasse,6. klasse,7. klasse,8. klasse,9. klasse,10. klasse,Indskoling,Mellemtrin,Udskoling,,,,Fødevarer,,,,,Praksisnærhed,Didaktiske overvejelser,,Autentisk læringsmiljø,,Forsøg/øvelser,,Autentisk læringsmiljø,,,"Produktion, Madlavning",https://www.fieldtoschool.eu/farming-projects,Engelsk materiale. Skal vi have det med?
Materiale,Field To School,Food Projects,0. klasse,1. klasse,2. klasse,3. klasse,4. klasse,5. klasse,6. klasse,7. klasse,8. klasse,9. klasse,10. klasse,Indskoling,Mellemtrin,Udskoling,,,,Fødevarer,,,,,Praksisnærhed,Didaktiske overvejelser,,Autentisk læringsmiljø,,Forsøg/øvelser,,Autentisk læringsmiljø,,,"Produktion, Madlavning",https://www.fieldtoschool.eu/food-projects,Engelsk materiale. Skal vi have det med?
Materiale,Field To School,Social Projects,0. klasse,1. klasse,2. klasse,3. klasse,4. klasse,5. klasse,6. klasse,7. klasse,8. klasse,9. klasse,10. klasse,Indskoling,Mellemtrin,Udskoling,,Sundhed,,Fødevarer,,,,,Praksisnærhed,Didaktiske overvejelser,,Autentisk læringsmiljø,,Forsøg/øvelser,,Autentisk læringsmiljø,,,Produktion,https://www.fieldtoschool.eu/social-projects,Engelsk materiale. Skal vi have det med?
Materiale,Field To School,Digital Projects,0. klasse,1. klasse,2. klasse,3. klasse,4. klasse,5. klasse,6. klasse,7. klasse,8. klasse,9. klasse,10. klasse,Indskoling,Mellemtrin,Udskoling,,,,Fødevarer,,,,,Praksisnærhed,Didaktiske overvejelser,,Autentisk læringsmiljø,,Forsøg/øvelser,,Autentisk læringsmiljø,,,Produktion,https://www.fieldtoschool.eu/digital-projects,Engelsk materiale. Skal vi have det med?
Materiale,Plastic Change,Plastikhelteskolen,,,,,,5. klasse,6. klasse,,,,,,Mellemtrin,,,,,,Ressourcer,,,,Praksisnærhed,Didaktiske overvejelser,Vidensbaseret,,Grundbogsmateriale,Forsøg/øvelser,,,,Video,Plastik,https://plasticchange.dk/videnscenter/undervisningsmateriale-plastikhelteskolen/,
Materiale,Hovedet i Havet,Plastik på tværs,,,,,,,,7. klasse,8. klasse,9. klasse,,,,Udskoling,,,,,Ressourcer,,,,Praksisnærhed,Didaktiske overvejelser,Vidensbaseret,,Grundbogsmateriale,Forsøg/øvelser,,,,Video,Hav,https://projekter.au.dk/havet/,
Materiale,Økolariet,Jagten på foråret ,,,,,,5. klasse,6. klasse,7. klasse,8. klasse,,,,Mellemtrin,Udskoling,Natur,,,,,,,,Praksisnærhed,Didaktiske overvejelser,Vidensbaseret,Autentisk læringsmiljø,,,,,,,"Dyr, Planter",https://www.okolariet.dk/ta-ud-i-naturen/undervisning-i-naturen-pa-egen-hand,
Materiale,Økolariet,Kriblekrable udstyr ,0. klasse,1. klasse,2. klasse,3. klasse,4. klasse,5. klasse,,,,,,Indskoling,Mellemtrin,,Natur,,,,,,,,Praksisnærhed,,,Autentisk læringsmiljø,,,,,,,"Dyr, Planter",https://www.okolariet.dk/ta-ud-i-naturen/undervisning-i-naturen-pa-egen-hand,
Materiale,Økolariet,Vild med verdensmålene,0. klasse,1. klasse,2. klasse,3. klasse,4. klasse,5. klasse,6. klasse,7. klasse,8. klasse,9. klasse,10. klasse,Indskoling,Mellemtrin,Udskoling,Natur,,Klima,Fødevarer,Ressourcer,Energi,,,Praksisnærhed,,,Autentisk læringsmiljø,,,,,,,Verdensmål,https://www.okolariet.dk/skoletjeneste/laer-selv-vild-med-verdensmalene/mal-15-livet-pa-land-undersog-smadyr-i-vandlobet,
Materiale,Vild Mad ,Grundforløb,,,,,4. klasse,5. klasse,6. klasse,7. klasse,8. klasse,9. klasse,10. klasse,,Mellemtrin,Udskoling,Natur,,,Fødevarer,,,,,Praksisnærhed,Didaktiske overvejelser,,Autentisk læringsmiljø,,,,,,,"Madlavning, Planter",https://vildmad.dk/dk/undervisning/forlob,
Materiale,Vild Mad ,Find og genkend spiselige planter,,,,,4. klasse,5. klasse,6. klasse,7. klasse,8. klasse,9. klasse,10. klasse,,Mellemtrin,Udskoling,Natur,,,Fødevarer,,,,,Praksisnærhed,Didaktiske overvejelser,,Autentisk læringsmiljø,,,,,,,"Madlavning, Planter",https://vildmad.dk/dk/undervisning/forlob,
Materiale,Vild Mad ,Sankelandskaber,,,,,4. klasse,5. klasse,6. klasse,7. klasse,8. klasse,9. klasse,10. klasse,,Mellemtrin,Udskoling,Natur,,,Fødevarer,,,,,Praksisnærhed,Didaktiske overvejelser,,Autentisk læringsmiljø,,,,,,,"Madlavning, Planter",https://vildmad.dk/dk/undervisning/forlob,
Materiale,Vild Mad ,Blade og skud,,,,,4. klasse,5. klasse,6. klasse,7. klasse,8. klasse,9. klasse,10. klasse,,Mellemtrin,Udskoling,Natur,,,Fødevarer,,,,,Praksisnærhed,Didaktiske overvejelser,,Autentisk læringsmiljø,,,,,,,"Madlavning, Planter",https://vildmad.dk/dk/undervisning/forlob,
Materiale,Vild Mad ,Urter,,,,,4. klasse,5. klasse,6. klasse,7. klasse,8. klasse,9. klasse,10. klasse,,Mellemtrin,Udskoling,Natur,,,Fødevarer,,,,,Praksisnærhed,Didaktiske overvejelser,,Autentisk læringsmiljø,,,,,,,"Madlavning, Planter",https://vildmad.dk/dk/undervisning/forlob,
Materiale,Vild Mad ,Bær og frugter,,,,,4. klasse,5. klasse,6. klasse,7. klasse,8. klasse,9. klasse,10. klasse,,Mellemtrin,Udskoling,Natur,,,Fødevarer,,,,,Praksisnærhed,Didaktiske overvejelser,,Autentisk læringsmiljø,,,,,,,"Madlavning, Planter",https://vildmad.dk/dk/undervisning/forlob,
Materiale,Vild Mad ,Tang,,,,,4. klasse,5. klasse,6. klasse,7. klasse,8. klasse,9. klasse,10. klasse,,Mellemtrin,Udskoling,Natur,,,Fødevarer,,,,,Praksisnærhed,Didaktiske overvejelser,,Autentisk læringsmiljø,,,,,,,"Madlavning, Planter",https://vildmad.dk/dk/undervisning/forlob,
Materiale,Vild Mad ,Svampe,,,,,4. klasse,5. klasse,6. klasse,7. klasse,8. klasse,9. klasse,10. klasse,,Mellemtrin,Udskoling,Natur,,,Fødevarer,,,,,Praksisnærhed,Didaktiske overvejelser,,Autentisk læringsmiljø,,,,,,,"Madlavning, Planter",https://vildmad.dk/dk/undervisning/forlob,
Materiale,99 arter,99 arter,,,,,,,,,8. klasse,9. klasse,10. klasse,,,Udskoling,Natur,,,,,,,,,Didaktiske overvejelser,Vidensbaseret,,,,,,,,"Madlavning, Planter",https://www.99arter.dk/undervisning/,
Materiale,Coop,Tropisk træ,,,,,,,,7. klasse,8. klasse,9. klasse,10. klasse,,,Udskoling,Natur,,,,Ressourcer,,,,,,Vidensbaseret,,Grundbogsmateriale,,,,,,"Regnskov, Skovrydning, Skovbrug, Biodiversitet",https://tropisktrae.dk/,
Materiale,Verdens Skove,"Regnskov, oprindelige folk og klima",,,,,,,,7. klasse,8. klasse,9. klasse,,,,Udskoling,Natur,,Klima,,,,,,Praksisnærhed,Didaktiske overvejelser,,,,,,,,Video,"Regnskov, Skovrydning, Skovbrug, Biodiversitet",https://www.dinregnskov.dk/laer-om-regnskoven/regnskov-oprindelige-folk-og-klima,
Materiale,Unicef,Fra plastaffald til byggematerialer,,,,,,,,7. klasse,8. klasse,9. klasse,10. klasse,,,Udskoling,,,,,Ressourcer,,,,,Didaktiske overvejelser,,,Grundbogsmateriale,Forsøg/øvelser,,,,Video,"Plastik, Genanvendelse",https://ungeforandrerverden.dk/green-home-opgaver/,
Materiale,Climate Planet Foundation,The Climate Planet,,,,,,,,7. klasse,8. klasse,9. klasse,10. klasse,,,Udskoling,,,Klima,,,,,,,,Vidensbaseret,,Grundbogsmateriale,,,,,Video,Klimaforandringer,https://climateplanetfoundation.org/film/,
Materiale,Landbrug & Fødevarer,Dyrevelfærd,,,,,4. klasse,5. klasse,6. klasse,,,,,,Mellemtrin,,,,,Fødevarer,,,,,,Didaktiske overvejelser,Vidensbaseret,Autentisk læringsmiljø,Grundbogsmateriale,,,Autentisk læringsmiljø,,Video,"Dyr, Produktion",https://skole.lf.dk/find-materialer/products/dyrevelfaerd-4-6-kl,
Materiale,Landbrug & Fødevarer,Så ka' I lære det!,,,,,,5. klasse,6. klasse,7. klasse,8. klasse,9. klasse,10. klasse,,Mellemtrin,Udskoling,,,,Fødevarer,,,,,,Didaktiske overvejelser,Vidensbaseret,Autentisk læringsmiljø,Grundbogsmateriale,Forsøg/øvelser,,Autentisk læringsmiljø,,Video,Produktion,https://skole.lf.dk/find-materialer/products/saa-ka-i-laere-det,
Materiale,Landbrug & Fødevarer,Fokus på dyrevelfærd,,,,,,,,7. klasse,8. klasse,9. klasse,,,,Udskoling,,,,Fødevarer,,,,,,Didaktiske overvejelser,Vidensbaseret,Autentisk læringsmiljø,Grundbogsmateriale,,,Autentisk læringsmiljø,,Video,"Dyr, Produktion",https://skole.lf.dk/find-materialer/products/fokus-paa-dyrevelfaerd-7-9-kl,
Materiale,Astra,Plast og plastforurening,,,,,,,,7. klasse,8. klasse,9. klasse,,,,Udskoling,Natur,,,,Ressourcer,,,Værd at fremhæve,Praksisnærhed,Didaktiske overvejelser,Vidensbaseret,Autentisk læringsmiljø,,Forsøg/øvelser,,Autentisk læringsmiljø,,,Plastik,https://astra.dk/tildinundervisning/plast-materiale-og-plastforurenings-indvirkning-paa-miljoeet,
Materiale,Astra,Fang plast i havet ,,,,,,,,7. klasse,8. klasse,9. klasse,,,,Udskoling,Natur,,,,Ressourcer,,,Værd at fremhæve,Praksisnærhed,Didaktiske overvejelser,Vidensbaseret,Autentisk læringsmiljø,,Forsøg/øvelser,,Autentisk læringsmiljø,,,"Plastik, Hav",https://astra.dk/tildinundervisning/fang-plast-i-havet,
Materiale,Astra,Insekter med fremtid i,,,,,4. klasse,5. klasse,6. klasse,7. klasse,8. klasse,9. klasse,10. klasse,,Mellemtrin,Udskoling,Natur,,,Fødevarer,,,,Værd at fremhæve,Praksisnærhed,Didaktiske overvejelser,Vidensbaseret,Autentisk læringsmiljø,,Forsøg/øvelser,,Autentisk læringsmiljø,,,Insekter,https://astra.dk/tildinundervisning/insekter-med-fremtid-i,
Materiale,Astra,Globalis,,,,,4. klasse,5. klasse,6. klasse,7. klasse,8. klasse,9. klasse,10. klasse,,Mellemtrin,Udskoling,Natur,Sundhed,Klima,Fødevarer,Ressourcer,Energi,,,,,,,,,,,,Digitalt værktøj,Verden ,https://astra.dk/tildinundervisning/globalis-0,"Globalis er en digital interaktiv verdensklode, hvor man kan hente viden om alt muligt"
Materiale,Astra,Drikkevand med fremtid i,,,,,4. klasse,5. klasse,6. klasse,7. klasse,8. klasse,9. klasse,10. klasse,,Mellemtrin,Udskoling,Natur,,Klima,Fødevarer,Ressourcer,,,Værd at fremhæve,Praksisnærhed,Didaktiske overvejelser,Vidensbaseret,Autentisk læringsmiljø,Grundbogsmateriale,Forsøg/øvelser,,Autentisk læringsmiljø,,,Vand,https://astra.dk/tildinundervisning/drikkevand-med-fremtid-i,
Materiale,Astra,Bæredygtighed i byggebranchen,,,,,,,,,8. klasse,9. klasse,10. klasse,,,Udskoling,,,,,Ressourcer,Energi,,,Praksisnærhed,,Vidensbaseret,,Grundbogsmateriale,Forsøg/øvelser,,,,,Byggeri,https://astra.dk/tildinundervisning/bliv-klog-p%C3%A5-b%C3%A6redygtighed-i-byggebranchen,
Materiale,Astra,Bæredygtighed for klejnsmede,,,,,,,,,8. klasse,9. klasse,10. klasse,,,Udskoling,,,,,Ressourcer,,,,Praksisnærhed,,Vidensbaseret,,Grundbogsmateriale,Forsøg/øvelser,,,,,Industri,https://astra.dk/tildinundervisning/bliv-klog-p-b-redygtighed-klejnsmede,
Materiale,Astra,Bæredygtigt elforbrug ,,,,,,,,,,9. klasse,10. klasse,,,Udskoling,,,,,,Energi,,,Praksisnærhed,,Vidensbaseret,,Grundbogsmateriale,Forsøg/øvelser,,,,,El,https://naturvidenskabsfestival.dk/tildinundervisning/bliv-klog-b%C3%A6redygtigt-elforbrug,
Materiale,Astra,Bæredygtighed og mad,,,,,,,,,,9. klasse,10. klasse,,,Udskoling,,,,Fødevarer,,,,,Praksisnærhed,,Vidensbaseret,,Grundbogsmateriale,,,,,,"Produktion, Forbrug",https://astra.dk/tildinundervisning/bliv-klog-b%C3%A6redygtighed-og-mad,
Materiale,Astra,Nyheder fra en varm fremtid,,,,,,,,7. klasse,8. klasse,9. klasse,10. klasse,,,Udskoling,Natur,,Klima,,Ressourcer,Energi,,,Praksisnærhed,Didaktiske overvejelser,Vidensbaseret,Autentisk læringsmiljø,Grundbogsmateriale,Forsøg/øvelser,,Autentisk læringsmiljø,,Video,Global opvarmning,https://astra.dk/varmfremtid,
Materiale,Astra,Plastikhelteskolen,,,,,,5. klasse,6. klasse,,,,,,Mellemtrin,,Natur,,,,Ressourcer,,,Værd at fremhæve,Praksisnærhed,Didaktiske overvejelser,Vidensbaseret,Autentisk læringsmiljø,Grundbogsmateriale,Forsøg/øvelser,,,,Video,Plastik,https://astra.dk/tildinundervisning/plastikhelteskolen,
Materiale,Astra,Bæredygtig udvikling,,,,,,,,,8. klasse,,,,,Udskoling,Natur,Sundhed,Klima,Fødevarer,Ressourcer,Energi,,,Praksisnærhed,Didaktiske overvejelser,Vidensbaseret,Autentisk læringsmiljø,,Forsøg/øvelser,,Autentisk læringsmiljø,,,"Produktion, Forbrug",https://astra.dk/tildinundervisning/naturfagligt-projektforl%C3%B8b-%E2%80%9Cb%C3%A6redygtig-udvikling%E2%80%9D,
Materiale,Astra,Fra ko til karton,,,,,,5. klasse,6. klasse,,,,,,Mellemtrin,,,,,Fødevarer,,,,,Praksisnærhed,Didaktiske overvejelser,Vidensbaseret,Autentisk læringsmiljø,,Forsøg/øvelser,,Autentisk læringsmiljø,,,Mælk,https://astra.dk/tildinundervisning/fra-ko-til-karton,
Materiale,Astra,Genbrug,,,,,,5. klasse,6. klasse,7. klasse,8. klasse,9. klasse,10. klasse,,Mellemtrin,Udskoling,,,,,Ressourcer,,,,,Didaktiske overvejelser,Vidensbaseret,,,Forsøg/øvelser,,,,,Genanvendelse,https://astra.dk/tildinundervisning/genbrug,
Materiale,Astra,Forurening,,,,,,5. klasse,6. klasse,7. klasse,8. klasse,9. klasse,10. klasse,,Mellemtrin,Udskoling,Natur,,Klima,,,Energi,,,,Didaktiske overvejelser,,,,Forsøg/øvelser,,,,,Forurening,https://astra.dk/tildinundervisning/forurening,
Materiale,Astra,Byg din egen solovn ,,,,,,,,7. klasse,8. klasse,9. klasse,10. klasse,,,Udskoling,,,,Fødevarer,,Energi,,Værd at fremhæve,Praksisnærhed,Didaktiske overvejelser,,Autentisk læringsmiljø,,Forsøg/øvelser,,Autentisk læringsmiljø,,,"Madlavning, Solen",https://astra.dk/tildinundervisning/byg-din-egen-solovn,
